{
  "model_id": "random_forest_20260228_011127_1b4b62ca",
  "model_type": "random_forest",
  "run_id": "1b4b62ca-9369-464e-82fa-411e53d55e0c",
  "created_at": "2026-02-28T01:11:27.521220+00:00",
  "dataset_filename": "nids_e2e.csv",
  "accuracy": 0.6667,
  "f1_score": 0.6512,
  "hyperparameters": {
    "n_estimators": 20
  },
  "feature_count": 4,
  "full_metrics": {
    "metrics": {
      "accuracy": 0.6667,
      "precision": 0.6667,
      "recall": 0.6364,
      "f1_score": 0.6512,
      "roc_auc": 0.6917
    },
    "confusion_matrix": [
      [
        16,
        7
      ],
      [
        8,
        14
      ]
    ],
    "classification_report": {
      "Normal": {
        "precision": 0.6666666666666666,
        "recall": 0.6956521739130435,
        "f1-score": 0.6808510638297872,
        "support": 23.0
      },
      "Attack": {
        "precision": 0.6666666666666666,
        "recall": 0.6363636363636364,
        "f1-score": 0.6511627906976744,
        "support": 22.0
      },
      "accuracy": 0.6666666666666666,
      "macro avg": {
        "precision": 0.6666666666666666,
        "recall": 0.6660079051383399,
        "f1-score": 0.6660069272637308,
        "support": 45.0
      },
      "weighted avg": {
        "precision": 0.6666666666666666,
        "recall": 0.6666666666666666,
        "f1-score": 0.6663367969651988,
        "support": 45.0
      }
    },
    "roc_curve": {
      "fpr": [
        0.0,
        0.0,
        0.0,
        0.08695652173913043,
        0.08695652173913043,
        0.13043478260869565,
        0.17391304347826086,
        0.17391304347826086,
        0.30434782608695654,
        0.5217391304347826,
        0.6086956521739131,
        0.7391304347826086,
        0.782608695652174,
        0.9130434782608695,
        0.9130434782608695,
        1.0
      ],
      "tpr": [
        0.0,
        0.045454545454545456,
        0.22727272727272727,
        0.22727272727272727,
        0.2727272727272727,
        0.36363636363636365,
        0.36363636363636365,
        0.5,
        0.6363636363636364,
        0.6818181818181818,
        0.7727272727272727,
        0.9090909090909091,
        0.9545454545454546,
        0.9545454545454546,
        1.0,
        1.0
      ],
      "thresholds": [
        Infinity,
        0.95,
        0.9,
        0.8,
        0.75,
        0.7,
        0.65,
        0.6,
        0.55,
        0.5,
        0.45,
        0.4,
        0.35,
        0.3,
        0.25,
        0.05
      ]
    },
    "feature_importance": [
      {
        "feature": "dst_port",
        "importance": 0.262387
      },
      {
        "feature": "src_port",
        "importance": 0.25372
      },
      {
        "feature": "duration",
        "importance": 0.242065
      },
      {
        "feature": "pkt_size",
        "importance": 0.241828
      }
    ]
  },
  "feature_names": [
    "src_port",
    "dst_port",
    "pkt_size",
    "duration"
  ]
}